class_id,class_name,n_gt,n_pred,ap_iou50
0,plane,48,201,0.8090909090909091
1,ship,6,12,0.5
2,storage-tank,15,0,0.0
3,baseball-diamond,11,0,0.0
4,tennis-court,87,6,0.06896551724137931
5,basketball-court,6,0,0.0
6,ground-track-field,9,0,0.0
7,harbor,48,35,0.1957112332112332
8,bridge,10,0,0.0
9,large-vehicle,57,80,0.635327124646456
10,small-vehicle,175,250,0.11751579252821223
11,helicopter,0,0,
12,roundabout,5,0,0.0
13,soccer-ball-field,7,0,0.0
14,swimming-pool,64,74,0.0010245901639344263
